{
    "brand": "pop",
    "storeId": "44444",
    "order": {
        "customerName": "User Name",
        "partnerOrderId": "Mock-RBI-Order-ID",
        "subTotal": 789,
        "totalTaxes": 65,
        "total": 854,
        "items": [
            {
                "plunum": "1010230",
                "description": "2pc Mild Chicken Platter White",
                "quantity": 1,
                "modifiers": [
                    {
                        "plunum": "50100",
                        "description": "1 BISCUIT",
                        "quantity": 1
                    },
                    {
                        "plunum": "50900",
                        "description": "REGULAR RED BEANS & RICE",
                        "quantity": 1
                    },
                    {
                        "plunum": "50700",
                        "description": "REGULAR MAC & CHEESE",
                        "quantity": 1
                    },
                    {
                        "plunum": "80102",
                        "description": "32OZ COKE",
                        "quantity": 1
                    }
                ]
            }
        ]
    }
}